{
  "ASCII Anti Aliased": true,
  "ASCII Ligatures": false,
  "AWDS Pane Directory": "",
  "AWDS Pane Option": "No",
  "AWDS Tab Directory": "",
  "AWDS Tab Option": "No",
  "AWDS Window Directory": "",
  "AWDS Window Option": "No",
  "Ambiguous Double Width": false,
  "Ansi 0 Color": {
    "Alpha Component": 1,
    "Blue Component": 0.078431372549019607,
    "Color Space": "sRGB",
    "Green Component": 0.078431372549019607,
    "Red Component": 0.078431372549019607
  },
  "Ansi 1 Color": {
    "Alpha Component": 1,
    "Blue Component": 0.090684391558170319,
    "Color Space": "Calibrated",
    "Green Component": 0.05879192054271698,
    "Red Component": 0.74529051780700684
  },
  "Ansi 10 Color": {
    "Alpha Component": 1,
    "Blue Component": 0.11661489307880402,
    "Color Space": "Calibrated",
    "Green Component": 0.69061970710754395,
    "Red Component": 0.66574931144714355
  },
  "Ansi 11 Color": {
    "Alpha Component": 1,
    "Blue Component": 0.1444794088602066,
    "Color Space": "Calibrated",
    "Green Component": 0.6926688551902771,
    "Red Component": 0.96949708461761475
  },
  "Ansi 12 Color": {
    "Alpha Component": 1,
    "Blue Component": 0.52537077665328979,
    "Color Space": "Calibrated",
    "Green Component": 0.58534377813339233,
    "Red Component": 0.44289660453796387
  },
  "Ansi 13 Color": {
    "Alpha Component": 1,
    "Blue Component": 0.53848373889923096,
    "Color Space": "Calibrated",
    "Green Component": 0.43883562088012695,
    "Red Component": 0.78096956014633179
  },
  "Ansi 14 Color": {
    "Alpha Component": 1,
    "Blue Component": 0.41142863035202026,
    "Color Space": "Calibrated",
    "Green Component": 0.71257460117340088,
    "Red Component": 0.49072420597076416
  },
  "Ansi 15 Color": {
    "Alpha Component": 1,
    "Blue Component": 0.63873869180679321,
    "Color Space": "Calibrated",
    "Green Component": 0.82989895343780518,
    "Red Component": 0.90061241388320923
  },
  "Ansi 2 Color": {
    "Alpha Component": 1,
    "Blue Component": 0.082894742488861084,
    "Color Space": "Calibrated",
    "Green Component": 0.53061914443969727,
    "Red Component": 0.52591603994369507
  },
  "Ansi 3 Color": {
    "Alpha Component": 1,
    "Blue Component": 0.10328958928585052,
    "Color Space": "Calibrated",
    "Green Component": 0.53254079818725586,
    "Red Component": 0.80126690864562988
  },
  "Ansi 4 Color": {
    "Alpha Component": 1,
    "Blue Component": 0.4586675763130188,
    "Color Space": "Calibrated",
    "Green Component": 0.45008346438407898,
    "Red Component": 0.21694663166999817
  },
  "Ansi 5 Color": {
    "Alpha Component": 1,
    "Blue Component": 0.45103743672370911,
    "Color Space": "Calibrated",
    "Green Component": 0.29604318737983704,
    "Red Component": 0.62685638666152954
  },
  "Ansi 6 Color": {
    "Alpha Component": 1,
    "Blue Component": 0.34128850698471069,
    "Color Space": "Calibrated",
    "Green Component": 0.55607825517654419,
    "Red Component": 0.34054014086723328
  },
  "Ansi 7 Color": {
    "Alpha Component": 1,
    "Blue Component": 0.44320183992385864,
    "Color Space": "Calibrated",
    "Green Component": 0.5310559868812561,
    "Red Component": 0.5926094651222229
  },
  "Ansi 8 Color": {
    "Alpha Component": 1,
    "Blue Component": 0.37962067127227783,
    "Color Space": "Calibrated",
    "Green Component": 0.43934443593025208,
    "Red Component": 0.49889594316482544
  },
  "Ansi 9 Color": {
    "Alpha Component": 1,
    "Blue Component": 0.15763583779335022,
    "Color Space": "Calibrated",
    "Green Component": 0.18880486488342285,
    "Red Component": 0.96744710206985474
  },
  "BM Growl": true,
  "Background Color": {
    "Alpha Component": 1,
    "Blue Component": 0.078431372549019607,
    "Color Space": "sRGB",
    "Green Component": 0.078431372549019607,
    "Red Component": 0.078431372549019607
  },
  "Background Image Mode": 0,
  "Badge Color": {
    "Alpha Component": 0.5,
    "Blue Component": 0.056549370288848877,
    "Color Space": "Calibrated",
    "Green Component": 0.28100395202636719,
    "Red Component": 0.7928692102432251
  },
  "Blend": 0.050000000000000003,
  "Blink Allowed": false,
  "Blinking Cursor": true,
  "Blur": true,
  "Blur Radius": 11.688248005319149,
  "Bold Color": {
    "Alpha Component": 1,
    "Blue Component": 1,
    "Color Space": "Calibrated",
    "Green Component": 1,
    "Red Component": 1
  },
  "Bound Hosts": [],
  "Character Encoding": 4,
  "Close Sessions On End": true,
  "Columns": 80,
  "Command": "",
  "Cursor Boost": 0,
  "Cursor Color": {
    "Alpha Component": 1,
    "Blue Component": 0.63873869180679321,
    "Color Space": "Calibrated",
    "Green Component": 0.82989895343780518,
    "Red Component": 0.90061241388320923
  },
  "Cursor Guide Color": {
    "Alpha Component": 1,
    "Blue Component": 0.15993706881999969,
    "Color Space": "Calibrated",
    "Green Component": 0.16613791882991791,
    "Red Component": 0.17867125570774078
  },
  "Cursor Text Color": {
    "Alpha Component": 1,
    "Blue Component": 0.11759774386882782,
    "Color Space": "Calibrated",
    "Green Component": 0.11759573966264725,
    "Red Component": 0.11759927868843079
  },
  "Cursor Type": 2,
  "Custom Command": "No",
  "Custom Directory": "No",
  "Default Bookmark": "No",
  "Description": "Default",
  "Disable Window Resizing": true,
  "Draw Powerline Glyphs": true,
  "Flashing Bell": false,
  "Foreground Color": {
    "Alpha Component": 1,
    "Blue Component": 0.63873869180679321,
    "Color Space": "Calibrated",
    "Green Component": 0.82989895343780518,
    "Red Component": 0.90061241388320923
  },
  "Guid": "050F02E9-6713-4386-92B4-48C86815A8E4",
  "Horizontal Spacing": 1,
  "Icon": 0,
  "Idle Code": 0,
  "Initial Use Transparency": false,
  "Jobs to Ignore": [
    "rlogin",
    "ssh",
    "slogin",
    "telnet"
  ],
  "Keyboard Map": {
    "0x2d-0x40000": {
      "Action": 11,
      "Text": "0x1f"
    },
    "0x32-0x40000": {
      "Action": 11,
      "Text": "0x00"
    },
    "0x33-0x40000": {
      "Action": 11,
      "Text": "0x1b"
    },
    "0x34-0x40000": {
      "Action": 11,
      "Text": "0x1c"
    },
    "0x35-0x40000": {
      "Action": 11,
      "Text": "0x1d"
    },
    "0x36-0x40000": {
      "Action": 11,
      "Text": "0x1e"
    },
    "0x37-0x40000": {
      "Action": 11,
      "Text": "0x1f"
    },
    "0x38-0x40000": {
      "Action": 11,
      "Text": "0x7f"
    },
    "0xf700-0x220000": {
      "Action": 10,
      "Text": "[1;2A"
    },
    "0xf700-0x240000": {
      "Action": 10,
      "Text": "[1;5A"
    },
    "0xf700-0x260000": {
      "Action": 10,
      "Text": "[1;6A"
    },
    "0xf700-0x280000": {
      "Action": 11,
      "Text": "0x1b 0x1b 0x5b 0x41"
    },
    "0xf701-0x220000": {
      "Action": 10,
      "Text": "[1;2B"
    },
    "0xf701-0x240000": {
      "Action": 10,
      "Text": "[1;5B"
    },
    "0xf701-0x260000": {
      "Action": 10,
      "Text": "[1;6B"
    },
    "0xf701-0x280000": {
      "Action": 11,
      "Text": "0x1b 0x1b 0x5b 0x42"
    },
    "0xf702-0x220000": {
      "Action": 10,
      "Text": "[1;2D"
    },
    "0xf702-0x240000": {
      "Action": 10,
      "Text": "[1;5D"
    },
    "0xf702-0x260000": {
      "Action": 10,
      "Text": "[1;6D"
    },
    "0xf702-0x280000": {
      "Action": 11,
      "Text": "0x1b 0x1b 0x5b 0x44"
    },
    "0xf703-0x220000": {
      "Action": 10,
      "Text": "[1;2C"
    },
    "0xf703-0x240000": {
      "Action": 10,
      "Text": "[1;5C"
    },
    "0xf703-0x260000": {
      "Action": 10,
      "Text": "[1;6C"
    },
    "0xf703-0x280000": {
      "Action": 11,
      "Text": "0x1b 0x1b 0x5b 0x43"
    },
    "0xf704-0x20000": {
      "Action": 10,
      "Text": "[1;2P"
    },
    "0xf705-0x20000": {
      "Action": 10,
      "Text": "[1;2Q"
    },
    "0xf706-0x20000": {
      "Action": 10,
      "Text": "[1;2R"
    },
    "0xf707-0x20000": {
      "Action": 10,
      "Text": "[1;2S"
    },