{
  "base": [2.3944154393843355, 1.7388746338651897, 62.40944645604098, 1],
  "accent": [68.05579810445008, 67.8967089109982, 75.45004893126776, 1],
  "contrast": 30
}
